r,DD,GAFF,GAFF2
0.0125,0,0,0
0.0375,0,0,0
0.0625,0,0,0
0.0875,0,0,0
0.1125,0,0,0
0.1375,0,0,0
0.1625,0,0,0
0.1875,0,0,0
0.2125,0,0,0
0.2375,0,0,0
0.2625,0,0,0
0.2875,0,0,0
0.3125,0,0,0
0.3375,0,0,0
0.3625,0,0,0
0.3875,0,0,0
0.4125,0,0,0
0.4375,0,0,0
0.4625,0,0,0
0.4875,0,0,0
0.5125,0,0,0
0.5375,0,0,0
0.5625,0,0,0
0.5875,0,0,0
0.6125,0,0,0
0.6375,0,0,0
0.6625,0,0,0
0.6875,0,0,0
0.7125,0,0,0
0.7375,0,0,0
0.7625,0,0,0
0.7875,0,0,0
0.8125,0,0,0
0.8375,0,0,0
0.8625,0,0,0
0.8875,0,0,0
0.9125,0,0,0
0.9375,0,0,0
0.9625,0,0,0
0.9875,0,0,0
1.0125,0,0,0
1.0375,0,0,0
1.0625,0,0,0
1.0875,0,0,0
1.1125,0,0,0
1.1375,0,0,0
1.1625,0,0,0
1.1875,0,0,0
1.2125,0,0,0
1.2375,0,0,0
1.2625,0,0,0
1.2875,0,0,0
1.3125,0,0,0
1.3375,0,0,0
1.3625,0,0,0
1.3875,0,0,0
1.4125,0,0,0
1.4375,0,0,0
1.4625,0,0,0
1.4875,0,0,0
1.5125,0,0,0
1.5375,0,0,0
1.5625,0,0,0
1.5875,0,0,0
1.6125,0,0,0
1.6375,0,0,0
1.6625,0,0,0
1.6875,0,0,0
1.7125,0,0,0
1.7375,0,0,0
1.7625,0,0,0
1.7875,0,0,0
1.8125,0,0,0
1.8375,0,0,0
1.8625,0,0,0
1.8875,0,0,0
1.9125,0,0,0
1.9375,0,0,0
1.9625,0,0,0
1.9875,0,0,0
2.0125,0,0,0
2.0375,0,0,0
2.0625,0,0,0
2.0875,0,0,0
2.1125,0,0,0
2.1375,0,0,0
2.1625,0,0,0
2.1875,0,0,0
2.2125,0,0,0
2.2375,0,0,0
2.2625,0,0,0
2.2875,0,0,0
2.3125,0,0,0
2.3375,0.00843005,0,0
2.3625,0.0165052,0,0
2.3875,0.048484,0,0
2.4125,0.158281,0.0473493,0.0237613
2.4375,0.217071,0.0231915,0.0155176
2.4625,0.334221,0.0530204,0.0608164
2.4875,0.617854,0.15588,0.1937
2.5125,0.817222,0.298311,0.255587
2.5375,1.10165,0.463659,0.307851
2.5625,1.34681,0.594551,0.540563
2.5875,1.56171,0.864386,0.778039
2.6125,1.66694,0.942135,0.810499
2.6375,1.50306,1.01019,1.06028
2.6625,1.59192,1.09498,1.09898
2.6875,1.40301,1.19553,1.17437
2.7125,1.39605,1.09244,1.12776
2.7375,1.35837,1.16451,0.996531
2.7625,1.17697,0.999084,1.08127
2.7875,1.07296,1.08764,1.04416
2.8125,0.890925,0.923231,0.850848
2.8375,0.766599,0.804351,0.813019
2.8625,0.595868,0.700676,0.79888
2.8875,0.607692,0.688596,0.774049
2.9125,0.488704,0.628094,0.499966
2.9375,0.480421,0.526961,0.496834
2.9625,0.398871,0.43437,0.535757
2.9875,0.402545,0.488885,0.470013
3.0125,0.309607,0.384643,0.360652
3.0375,0.304532,0.438075,0.369729
3.0625,0.275024,0.362392,0.344057
3.0875,0.29958,0.303547,0.357851
3.1125,0.271014,0.379289,0.328333
3.1375,0.219921,0.251956,0.369951
3.1625,0.234879,0.280135,0.258114
3.1875,0.217609,0.28932,0.27223
3.2125,0.191919,0.222527,0.29481
3.2375,0.175783,0.293599,0.303469
3.2625,0.212046,0.345214,0.31616
3.2875,0.179,0.276236,0.392411
3.3125,0.214089,0.293012,0.285682
3.3375,0.231569,0.255652,0.260725
3.3625,0.252582,0.333111,0.371024
3.3875,0.289008,0.288186,0.277189
3.4125,0.280833,0.331309,0.328562
3.4375,0.241681,0.330395,0.323801
3.4625,0.222835,0.352458,0.334522
3.4875,0.299181,0.392739,0.367645
3.5125,0.291204,0.316436,0.373639
3.5375,0.312869,0.330331,0.346274
3.5625,0.32301,0.369139,0.395915
3.5875,0.357892,0.378287,0.404744
3.6125,0.314131,0.397706,0.406226
3.6375,0.337677,0.444328,0.386725
3.6625,0.391458,0.42801,0.378027
3.6875,0.382781,0.439116,0.369528
3.7125,0.364275,0.416559,0.387981
3.7375,0.389095,0.417581,0.46531
3.7625,0.471793,0.441251,0.433096
3.7875,0.443108,0.48027,0.433824
3.8125,0.405627,0.496112,0.475726
3.8375,0.528599,0.374269,0.435115
3.8625,0.478554,0.452564,0.45731
3.8875,0.463275,0.464997,0.451447
3.9125,0.472419,0.465075,0.478822
3.9375,0.591219,0.429563,0.529254
3.9625,0.492841,0.500216,0.531405
3.9875,0.51565,0.467965,0.501569
4.0125,0.55788,0.513502,0.478159
4.0375,0.709227,0.478987,0.455288
4.0625,0.505159,0.456412,0.480427
4.0875,0.589976,0.470089,0.546305
4.1125,0.604613,0.483402,0.550586
4.1375,0.559659,0.51514,0.552031
4.1625,0.539665,0.508971,0.486887
4.1875,0.593657,0.505531,0.512638
4.2125,0.65412,0.525432,0.501376
4.2375,0.631033,0.549945,0.551957
4.2625,0.600836,0.495481,0.530278
4.2875,0.7041,0.494717,0.489004
4.3125,0.619182,0.501346,0.508138
4.3375,0.626755,0.502908,0.5268
4.3625,0.786591,0.514054,0.557112
4.3875,0.650835,0.520142,0.56036
4.4125,0.660042,0.528419,0.537455
4.4375,0.664321,0.496824,0.554827
4.4625,0.700846,0.486661,0.574092
4.4875,0.741093,0.520027,0.604339
4.5125,0.775883,0.572927,0.495788
4.5375,0.684581,0.573324,0.512729
4.5625,0.712503,0.540581,0.473908
4.5875,0.715702,0.51288,0.547613
4.6125,0.74044,0.544036,0.554694
4.6375,0.762463,0.544594,0.499429
4.6625,0.705575,0.47961,0.640406
4.6875,0.645661,0.537218,0.509812
4.7125,0.734239,0.583239,0.541781
4.7375,0.656732,0.562775,0.616182
4.7625,0.733118,0.546757,0.589405
4.7875,0.73352,0.605187,0.617457
4.8125,0.692109,0.672293,0.66281
4.8375,0.769612,0.667325,0.59294
4.8625,0.689637,0.666308,0.618054
4.8875,0.752017,0.594135,0.656132
4.9125,0.713844,0.652814,0.594075
4.9375,0.763315,0.704624,0.659929
4.9625,0.733199,0.63413,0.660784
4.9875,0.8166,0.66841,0.652323
5.0125,0.670979,0.705633,0.612807
5.0375,0.706084,0.662447,0.673954
5.0625,0.753045,0.618286,0.615152
5.0875,0.718968,0.621097,0.589529
5.1125,0.84941,0.648426,0.617288
5.1375,0.766122,0.624728,0.627014
5.1625,0.746622,0.630756,0.608848
5.1875,0.684669,0.575194,0.633828
5.2125,0.730671,0.53757,0.59892
5.2375,0.730429,0.589379,0.63859
5.2625,0.743464,0.504185,0.594251
5.2875,0.835303,0.5175,0.623272
5.3125,0.745856,0.587503,0.54555
5.3375,0.785774,0.512686,0.569578
5.3625,0.704782,0.499931,0.533821
5.3875,0.776017,0.54594,0.566996
5.4125,0.836475,0.56129,0.553902
5.4375,0.766485,0.523518,0.534788
5.4625,0.723981,0.567994,0.563892
5.4875,0.760229,0.541477,0.566421
5.5125,0.739707,0.495766,0.533988
5.5375,0.767592,0.546721,0.557741
5.5625,0.711582,0.537365,0.560188
5.5875,0.765719,0.494316,0.51532
5.6125,0.761837,0.497213,0.550252
5.6375,0.771038,0.549175,0.549734
5.6625,0.771427,0.51139,0.547766
5.6875,0.70343,0.494125,0.507334
5.7125,0.742455,0.541887,0.541044
5.7375,0.75279,0.474388,0.540541
5.7625,0.783725,0.503477,0.527531
5.7875,0.746715,0.486796,0.538123
5.8125,0.725309,0.532918,0.6181
5.8375,0.773178,0.545886,0.547883
5.8625,0.694226,0.553268,0.564681
5.8875,0.709605,0.499551,0.538616
5.9125,0.761592,0.495336,0.581544
5.9375,0.717302,0.555013,0.550505
5.9625,0.693161,0.541325,0.519965
5.9875,0.704087,0.566281,0.53492
6.0125,0.739018,0.537441,0.564911
6.0375,0.787247,0.477557,0.538743
6.0625,0.764475,0.586098,0.610818
6.0875,0.743294,0.534195,0.59586
6.1125,0.73476,0.553191,0.581125
6.1375,0.744683,0.558448,0.584967
6.1625,0.718034,0.557555,0.565664
6.1875,0.814508,0.557857,0.585184
6.2125,0.837802,0.568847,0.613927
6.2375,0.805054,0.577283,0.61257
6.2625,0.786894,0.565656,0.624145
6.2875,0.798127,0.619258,0.623856
6.3125,0.759451,0.600531,0.592316
6.3375,0.720213,0.618674,0.637006
6.3625,0.805591,0.656937,0.576211
6.3875,0.78575,0.588763,0.581878
6.4125,0.790837,0.607638,0.604255
6.4375,0.829166,0.651694,0.605133
6.4625,0.783059,0.574077,0.5828
6.4875,0.783602,0.607857,0.62651
6.5125,0.746102,0.654097,0.59671
6.5375,0.802916,0.583549,0.684915
6.5625,0.812853,0.656966,0.611201
6.5875,0.816248,0.607535,0.644813
6.6125,0.873294,0.618706,0.664195
6.6375,0.824907,0.62031,0.657109
6.6625,0.807314,0.619802,0.693727
6.6875,0.833217,0.609015,0.660719
6.7125,0.788176,0.660552,0.677292
6.7375,0.868587,0.633399,0.650949
6.7625,0.872249,0.65986,0.67941
6.7875,0.839841,0.58522,0.63439
6.8125,0.779101,0.637344,0.696292
6.8375,0.850263,0.646446,0.626132
6.8625,0.821584,0.608584,0.655838
6.8875,0.832137,0.62257,0.65886
6.9125,0.803957,0.609424,0.677257
6.9375,0.812529,0.671842,0.669511
6.9625,0.881769,0.640497,0.685633
6.9875,0.907546,0.65944,0.676959
7.0125,0.842076,0.693041,0.695576
7.0375,0.872375,0.627845,0.702743
7.0625,0.86898,0.663004,0.649718
7.0875,0.836269,0.664736,0.665332
7.1125,0.873195,0.643728,0.685267
7.1375,0.883364,0.669881,0.655138
7.1625,0.827826,0.651783,0.673936
7.1875,0.855959,0.673929,0.696918
7.2125,0.824357,0.679861,0.724884
7.2375,0.842414,0.648867,0.721645
7.2625,0.882909,0.630474,0.692213
7.2875,0.898545,0.695344,0.695284
7.3125,0.827807,0.670842,0.6914
7.3375,0.876075,0.624476,0.652447
7.3625,0.880332,0.665998,0.654827
7.3875,0.927556,0.724618,0.710375
7.4125,0.81652,0.698004,0.695523
7.4375,0.84518,0.701623,0.679189
7.4625,0.826293,0.653217,0.694512
7.4875,0.871724,0.670982,0.718662
7.5125,0.860219,0.681987,0.69755
7.5375,0.854522,0.675853,0.692119
7.5625,0.868211,0.693076,0.717374
7.5875,0.8681,0.663784,0.700644
7.6125,0.891022,0.679246,0.687299
7.6375,0.833081,0.704728,0.674904
7.6625,0.887277,0.69779,0.700343
7.6875,0.895544,0.677715,0.673174
7.7125,0.905235,0.658657,0.685092
7.7375,0.872467,0.681259,0.755361
7.7625,0.883674,0.69441,0.68777
7.7875,0.90839,0.696018,0.722888
7.8125,0.850514,0.667489,0.720535
7.8375,0.868342,0.663238,0.742962
7.8625,0.864319,0.733325,0.70618
7.8875,0.902531,0.745665,0.728386
7.9125,0.867409,0.681537,0.692865
7.9375,0.882424,0.708598,0.708995
7.9625,0.908858,0.70995,0.740177
7.9875,0.906065,0.696154,0.695811
8.0125,0.832261,0.708272,0.725942
8.0375,0.880567,0.697474,0.743554
8.0625,0.87724,0.722125,0.746751
8.0875,0.887318,0.698707,0.704083
8.1125,0.918252,0.730001,0.720063
8.1375,0.882708,0.709569,0.721215
8.1625,0.906345,0.743145,0.756242
8.1875,0.930365,0.718743,0.736501
8.2125,0.874854,0.746381,0.750479
8.2375,0.90485,0.697184,0.73574
8.2625,0.89466,0.766978,0.744799
8.2875,0.936886,0.704846,0.746353
8.3125,0.898595,0.661395,0.724525
8.3375,0.892552,0.757206,0.75467
8.3625,0.920156,0.731668,0.773896
8.3875,0.904203,0.712949,0.762737
8.4125,0.877359,0.744413,0.754953
8.4375,0.914223,0.72646,0.754371
8.4625,0.911402,0.674072,0.762151
8.4875,0.910517,0.733866,0.750629
8.5125,0.872758,0.713715,0.746226
8.5375,0.896723,0.736008,0.737435
8.5625,0.948666,0.732969,0.733764
8.5875,0.863826,0.736804,0.722622
8.6125,0.930231,0.705907,0.759451
8.6375,0.89028,0.731377,0.748264
8.6625,0.919523,0.730834,0.751323
8.6875,0.898371,0.744282,0.761664
8.7125,0.896257,0.749093,0.791308
8.7375,0.915872,0.700894,0.79524
8.7625,0.943048,0.713052,0.765492
8.7875,0.932322,0.717922,0.789201
8.8125,0.970337,0.704983,0.77167
8.8375,0.910596,0.760397,0.807447
8.8625,0.903707,0.742664,0.770618
8.8875,0.960444,0.755355,0.780879
8.9125,0.927809,0.731463,0.763737
8.9375,0.918012,0.776827,0.80737
8.9625,0.879639,0.729614,0.787951
8.9875,0.927785,0.759678,0.747048
9.0125,0.914705,0.750946,0.770719
9.0375,0.927134,0.75467,0.759124
9.0625,0.898471,0.728142,0.77178
9.0875,0.919749,0.725253,0.755817
9.1125,0.933569,0.76387,0.794977
9.1375,0.937846,0.753095,0.74812
9.1625,0.926151,0.762121,0.772048
9.1875,0.88292,0.724243,0.79625
9.2125,0.880305,0.732224,0.819093
9.2375,0.912793,0.776171,0.787654
9.2625,0.900893,0.748431,0.772661
9.2875,0.922215,0.732693,0.720409
9.3125,0.911428,0.750479,0.750035
9.3375,0.928214,0.757001,0.799953
9.3625,0.940079,0.763443,0.793057
9.3875,0.928806,0.730196,0.757453
9.4125,0.904642,0.728914,0.782052
9.4375,0.940194,0.756514,0.796547
9.4625,0.928545,0.718666,0.775869
9.4875,0.893466,0.743969,0.773834
9.5125,0.914228,0.78727,0.805942
9.5375,0.942355,0.778603,0.765742
9.5625,0.954561,0.758464,0.786949
9.5875,0.948587,0.786993,0.81244
9.6125,0.927708,0.779425,0.761323
9.6375,0.938274,0.769947,0.813958
9.6625,0.944279,0.757605,0.785558
9.6875,0.966406,0.762998,0.757439
9.7125,0.901867,0.78196,0.774558
9.7375,0.930761,0.810405,0.793436
9.7625,0.947748,0.795657,0.796149
9.7875,0.9357,0.770981,0.742522
9.8125,0.93333,0.778506,0.790929
9.8375,0.919074,0.742755,0.778816
9.8625,0.912999,0.796603,0.779612
9.8875,0.9131,0.762042,0.778504
9.9125,0.9085,0.803546,0.795694
9.9375,0.934719,0.78695,0.820171
9.9625,0.940707,0.773287,0.80259
9.9875,0.913839,0.77909,0.792107
10.0125,0.935011,0.780702,0.795974
10.0375,0.943161,0.773627,0.796132
10.0625,0.926652,0.771602,0.805384
10.0875,0.956467,0.785837,0.817253
10.1125,0.92652,0.79094,0.81502
10.1375,0.941677,0.783021,0.788577
10.1625,0.938387,0.778728,0.769525
10.1875,0.950209,0.776239,0.800399
10.2125,0.936288,0.793582,0.798695
10.2375,0.921173,0.799352,0.810633
10.2625,0.929373,0.74749,0.804938
10.2875,0.940965,0.803752,0.778816
10.3125,0.928179,0.796837,0.787615
10.3375,0.916368,0.78783,0.792869
10.3625,0.917957,0.799859,0.798492
10.3875,0.976723,0.789203,0.818578
10.4125,0.915535,0.771861,0.804023
10.4375,0.94963,0.803583,0.808216
10.4625,0.945097,0.833315,0.832152
10.4875,0.926358,0.801786,0.813101
10.5125,0.966138,0.774287,0.859295
10.5375,0.956996,0.819427,0.811631
10.5625,0.939259,0.789616,0.828453
10.5875,0.922091,0.8367,0.817965
10.6125,0.922659,0.798914,0.828442
10.6375,0.923619,0.795569,0.836367
10.6625,0.897415,0.839919,0.808931
10.6875,0.970244,0.796185,0.789815
10.7125,0.960904,0.801278,0.804611
10.7375,0.92727,0.780421,0.82366
10.7625,0.930125,0.827952,0.822623
10.7875,0.917111,0.820172,0.853279
10.8125,0.936908,0.827384,0.833171
10.8375,0.918473,0.832175,0.835611
10.8625,0.940795,0.8011,0.844662
10.8875,0.964457,0.793938,0.799176
10.9125,0.920589,0.817304,0.830746
10.9375,0.952194,0.838528,0.793042
10.9625,0.960505,0.811776,0.800169
10.9875,0.924852,0.848415,0.869847
11.0125,0.927874,0.810481,0.865522
11.0375,0.972828,0.837729,0.826793
11.0625,0.951498,0.823438,0.838505
11.0875,0.950959,0.849245,0.822353
11.1125,0.936241,0.837246,0.870173
11.1375,0.920903,0.823494,0.864784
11.1625,0.957816,0.826813,0.845007
11.1875,0.952436,0.814682,0.805508
11.2125,0.893969,0.805573,0.82502
11.2375,0.943614,0.83509,0.796165
11.2625,0.976107,0.840802,0.868227
11.2875,0.980826,0.825906,0.840506
11.3125,0.947701,0.836616,0.82851
11.3375,0.915933,0.825069,0.812666
11.3625,0.979337,0.812904,0.848728
11.3875,0.953729,0.836612,0.84465
11.4125,0.946019,0.847409,0.857942
11.4375,0.955268,0.828962,0.837281
11.4625,0.945496,0.835139,0.836439
11.4875,0.998629,0.833248,0.8342
11.5125,0.918534,0.819236,0.861189
11.5375,0.96404,0.859166,0.86785
11.5625,0.975036,0.820412,0.843757
11.5875,0.9626,0.855188,0.809221
11.6125,0.962217,0.838226,0.819756
11.6375,0.955026,0.816315,0.831895
11.6625,0.969223,0.810455,0.857819
11.6875,0.916861,0.831201,0.849766
11.7125,0.984805,0.838706,0.856223
11.7375,0.953199,0.836137,0.851911
11.7625,0.996426,0.831259,0.849293
11.7875,0.943141,0.843934,0.858302
11.8125,0.933541,0.831149,0.84377
11.8375,0.952612,0.82207,0.825735
11.8625,0.984607,0.864631,0.8275
11.8875,0.965476,0.819069,0.87426
11.9125,0.982202,0.854475,0.853702
11.9375,0.959345,0.848321,0.852718
11.9625,0.95727,0.852161,0.870419
11.9875,0.951359,0.85724,0.842733
12.0125,0.994645,0.876912,0.834117
12.0375,0.963498,0.884367,0.86406
12.0625,0.946213,0.847561,0.875373
12.0875,0.953967,0.872036,0.84336
12.1125,0.957568,0.898494,0.839568
12.1375,0.979892,0.85146,0.869595
12.1625,0.973065,0.853552,0.878489
12.1875,0.97838,0.870772,0.878613
12.2125,0.955231,0.848117,0.842565
12.2375,0.935338,0.872872,0.860982
12.2625,0.969819,0.864735,0.874643
12.2875,0.975639,0.854527,0.877499
12.3125,0.952235,0.855908,0.875156
12.3375,0.964115,0.869341,0.889784
12.3625,0.962933,0.852905,0.845167
12.3875,0.955748,0.842283,0.867895
12.4125,0.953995,0.856482,0.872182
12.4375,0.982619,0.904409,0.872851
12.4625,0.955549,0.880083,0.880631
12.4875,0.97004,0.859185,0.885091
12.5125,0.939101,0.858102,0.893924
12.5375,0.962026,0.852345,0.896228
12.5625,0.953822,0.854777,0.895585
12.5875,0.946549,0.853414,0.890868
12.6125,0.950908,0.874288,0.892266
12.6375,0.953494,0.903331,0.869111
12.6625,0.981908,0.847632,0.877471
12.6875,0.954864,0.891089,0.874589
12.7125,0.942562,0.867409,0.878854
12.7375,0.966972,0.865706,0.900127
12.7625,0.954704,0.849064,0.898302
12.7875,0.933791,0.885071,0.867165
12.8125,0.988513,0.86903,0.901414
12.8375,0.946935,0.859238,0.883081
12.8625,0.943814,0.870893,0.872129
12.8875,0.957073,0.872772,0.884569
12.9125,0.957239,0.863335,0.899671
12.9375,0.984364,0.857258,0.896473
12.9625,0.962204,0.84548,0.891647
12.9875,0.950584,0.88144,0.896689
13.0125,0.959176,0.875072,0.867928
13.0375,0.957669,0.905227,0.887926
13.0625,0.934301,0.889652,0.904794
13.0875,0.969997,0.891083,0.888691
13.1125,1.00461,0.890092,0.892544
13.1375,0.961026,0.893095,0.888082
13.1625,0.953657,0.908528,0.871142
13.1875,0.968055,0.893202,0.894879
13.2125,1.01242,0.90719,0.892552
13.2375,0.963647,0.861305,0.888921
13.2625,0.983586,0.905324,0.872993
13.2875,0.969975,0.877207,0.900782
13.3125,0.976471,0.892835,0.922373
13.3375,0.975922,0.877097,0.907516
13.3625,0.988009,0.881535,0.915999
13.3875,0.999743,0.866201,0.910781
13.4125,0.954284,0.884167,0.883301
13.4375,0.93492,0.906571,0.918312
13.4625,0.976181,0.9027,0.880313
13.4875,0.964463,0.89658,0.892257
13.5125,0.970484,0.927728,0.914206
13.5375,0.961373,0.889718,0.92014
13.5625,0.964343,0.900924,0.90848
13.5875,0.971277,0.911295,0.890658
13.6125,0.971689,0.895805,0.912267
13.6375,0.951537,0.913022,0.928259
13.6625,0.970266,0.909929,0.896959
13.6875,0.977789,0.895821,0.879414
13.7125,0.98182,0.884986,0.886017
13.7375,0.954331,0.900994,0.89623
13.7625,0.957919,0.904999,0.897114
13.7875,0.970926,0.890606,0.904534
13.8125,0.994937,0.914107,0.908994
13.8375,0.985812,0.890898,0.913417
13.8625,0.98226,0.927841,0.889255
13.8875,0.967979,0.921169,0.926451
13.9125,0.940706,0.869691,0.91598
13.9375,0.960098,0.936088,0.929783
13.9625,0.963988,0.928498,0.928821
13.9875,0.967372,0.934573,0.908775
14.0125,0.98574,0.910422,0.911874
14.0375,0.969142,0.933288,0.919156
14.0625,0.989923,0.926489,0.907732
14.0875,0.971559,0.920657,0.922399
14.1125,0.961181,0.8918,0.933022
14.1375,1.00895,0.938516,0.922575
14.1625,0.95854,0.923069,0.936328
14.1875,0.989719,0.907497,0.909671
14.2125,0.982592,0.916585,0.908756
14.2375,0.965737,0.930363,0.928991
14.2625,0.970959,0.914912,0.903529
14.2875,0.977267,0.924763,0.928824
14.3125,0.997916,0.906288,0.931207
14.3375,0.953209,0.90246,0.937382
14.3625,0.982048,0.924259,0.943284
14.3875,0.968847,0.947454,0.914843
14.4125,0.960167,0.902158,0.946293
14.4375,0.961264,0.929225,0.912499
14.4625,0.966533,0.92338,0.946373
14.4875,0.987121,0.918664,0.909286
14.5125,1.00187,0.917464,0.934829
14.5375,0.965957,0.93235,0.909149
14.5625,0.982626,0.946695,0.95081
14.5875,0.985755,0.939784,0.927624
14.6125,0.978718,0.945175,0.934599
14.6375,0.973872,0.932517,0.91097
14.6625,0.995193,0.912462,0.923519
14.6875,0.967894,0.91681,0.940465
14.7125,0.990568,0.920487,0.912993
14.7375,0.961125,0.934708,0.938339
14.7625,0.9435,0.929015,0.924376
14.7875,0.986654,0.94226,0.937696
14.8125,0.967582,0.948293,0.939996
14.8375,0.995917,0.909007,0.94081
14.8625,0.986105,0.950864,0.937022
14.8875,0.962222,0.932546,0.929301
14.9125,0.96459,0.947184,0.910641
14.9375,0.984279,0.92446,0.936726
14.9625,0.974203,0.930196,0.93401
14.9875,0.978748,0.926277,0.95183
15.0125,0.970381,0.929512,0.955412
15.0375,1.00036,0.933737,0.936949
15.0625,0.972882,0.950682,0.93953
15.0875,0.993336,0.937849,0.91718
15.1125,0.96706,0.938368,0.924644
15.1375,0.934119,0.945494,0.948349
15.1625,0.967104,0.945775,0.92397
15.1875,0.979699,0.923149,0.950309
15.2125,1.00813,0.956041,0.929659
15.2375,0.972883,0.950533,0.936935
15.2625,0.978597,0.945055,0.947127
15.2875,0.970866,0.92251,0.950147
15.3125,0.965734,0.939285,0.933284
15.3375,0.967091,0.921973,0.929069
15.3625,0.983854,0.933181,0.926829
15.3875,0.986885,0.940626,0.956723
15.4125,0.951885,0.947632,0.926453
15.4375,0.984368,0.966536,0.967171
15.4625,0.961537,0.909047,0.923363
15.4875,0.989736,0.926029,0.962858
15.5125,0.979658,0.955877,0.948837
15.5375,0.990627,0.964028,0.927455
15.5625,1.00209,0.963399,0.986909
15.5875,0.955656,0.940084,0.934226
15.6125,0.990958,0.966094,0.944097
15.6375,0.99156,0.972024,0.946359
15.6625,0.997222,0.952447,0.951233
15.6875,0.988618,0.97125,0.926849
15.7125,0.993684,0.946209,0.943882
15.7375,0.968584,0.975473,0.941258
15.7625,0.983682,0.964432,0.929183
15.7875,0.986483,0.968936,0.9538
15.8125,0.977287,0.97359,0.961296
15.8375,1.00579,0.950925,0.949809
15.8625,0.986696,0.944279,0.932527
15.8875,0.999286,0.970606,0.956989
15.9125,0.96104,0.962661,0.930499
15.9375,0.965281,0.971759,0.955168
15.9625,0.980518,0.954657,0.942952
15.9875,0.971146,0.970362,0.906279
16.0125,1.00836,0.950316,0.949658
16.0375,1.0088,0.940927,0.952614
16.0625,0.995841,0.971113,0.946256
16.0875,0.955195,0.959756,0.940468
16.1125,0.987008,0.965272,0.940215
16.1375,0.995803,0.940237,0.945801
16.1625,0.986201,0.971617,0.940759
16.1875,0.967337,0.975454,0.945245
16.2125,0.949986,0.931208,0.936369
16.2375,0.985672,0.940538,0.94188
16.2625,0.981773,0.943553,0.976637
16.2875,0.967475,0.946545,0.962519
16.3125,0.979572,0.975751,0.959398
16.3375,0.999356,0.959173,0.953874
16.3625,0.960003,0.944235,0.978682
16.3875,0.982118,0.943067,0.97072
16.4125,0.971946,0.95162,0.958353
16.4375,1.01468,0.964197,0.940767
16.4625,0.967071,0.957203,0.96938
16.4875,0.99176,0.947206,0.943549
16.5125,0.984029,0.976852,0.956418
16.5375,0.988635,0.985992,0.954876
16.5625,0.979272,0.965772,0.966448
16.5875,0.970296,0.978889,0.953485
16.6125,0.974054,0.96962,0.954793
16.6375,0.981945,0.96704,0.943432
16.6625,0.976512,0.95835,0.948075
16.6875,0.981362,0.954656,0.932324
16.7125,1.00729,0.972851,0.972119
16.7375,0.971891,0.95929,0.975799
16.7625,0.983584,0.969508,0.968625
16.7875,1.0019,0.957333,0.981446
16.8125,0.973342,0.985362,0.972495
16.8375,0.990276,0.947281,0.965544
16.8625,1.00192,0.97985,0.955874
16.8875,0.982482,0.966483,0.951591
16.9125,0.98892,0.982254,0.974083
16.9375,0.984076,0.980318,0.967353
16.9625,0.977335,0.982858,0.956813
16.9875,0.969672,0.989039,0.954478
17.0125,0.966665,0.966139,0.964736
17.0375,0.969702,0.973432,0.94809
17.0625,0.973982,0.968846,0.960515
17.0875,0.987698,0.970733,0.970179
17.1125,0.975377,0.979191,0.970337
17.1375,0.999038,0.966953,0.963427
17.1625,0.984402,0.968193,0.951389
17.1875,0.995729,0.979838,0.962824
17.2125,1.0087,0.975443,0.967186
17.2375,0.982365,0.968906,0.972605
17.2625,0.992042,0.965947,0.976288
17.2875,0.974379,0.968074,0.978402
17.3125,1.02213,0.981983,0.976347
17.3375,0.983937,0.96586,0.976754
17.3625,0.989051,0.975269,0.984954
17.3875,0.963203,0.957578,0.985325
17.4125,0.989,0.964223,0.956651
17.4375,0.986772,0.982154,0.958003
17.4625,0.991653,0.953738,0.976729
17.4875,0.966829,0.960475,0.981475
17.5125,0.988101,1.01015,0.966951
17.5375,0.972256,0.997418,0.969741
17.5625,0.991443,0.973286,0.983722
17.5875,0.979989,0.97067,0.968557
17.6125,0.987603,0.99057,0.970268
17.6375,0.988063,0.970785,0.983227
17.6625,0.992355,0.991154,0.965964
17.6875,0.973062,0.986445,0.978266
17.7125,0.993074,0.971218,0.965808
17.7375,0.994376,0.988045,0.975982
17.7625,0.987345,0.99764,0.972652
17.7875,0.979476,0.972046,0.981576
17.8125,0.992988,0.979742,0.973011
17.8375,0.992378,0.987247,0.982455
17.8625,0.99913,0.979159,0.96497
17.8875,0.994036,0.977429,0.977547
17.9125,0.96973,0.995745,0.993929
17.9375,1.00124,0.994114,0.972248
17.9625,0.982041,0.970423,0.989689
17.9875,0.996396,0.966591,0.986655
18.0125,0.983269,0.975094,0.968289
18.0375,0.985783,0.983969,0.993377
18.0625,0.990962,0.975334,0.988651
18.0875,0.98738,0.970955,0.99367
18.1125,0.999961,0.967436,0.948071
18.1375,0.998466,0.997023,0.990441
18.1625,0.966955,0.975066,0.999036
18.1875,0.99925,0.99141,0.992807
18.2125,0.984566,0.983151,0.987304
18.2375,0.991286,0.987362,0.971155
18.2625,0.985397,0.992373,0.975962
18.2875,1.0148,1.00614,0.97812
18.3125,0.986479,0.986961,0.98796
18.3375,0.986805,0.973481,0.977728
18.3625,0.985349,0.98391,0.966181
18.3875,0.986895,0.977704,0.975145
18.4125,1.01397,0.956354,0.970595
18.4375,0.965425,0.991864,0.970134
18.4625,1.00849,0.996456,0.989012
18.4875,0.980829,0.98476,0.965433
18.5125,0.991084,0.992287,0.973858
18.5375,1.00128,0.987207,0.998733
18.5625,0.989496,0.975219,0.996714
18.5875,0.997768,0.99174,0.983093
18.6125,1.00666,0.96813,0.991233
18.6375,0.98115,1.00348,0.972384
18.6625,0.98831,0.997237,0.981296
18.6875,0.974456,0.996675,0.96996
18.7125,1.00066,0.988635,0.98251
18.7375,1.01584,0.996988,0.982384
18.7625,0.989317,0.986243,0.971125
18.7875,1.00469,0.990127,0.97886
18.8125,0.978469,0.974649,0.982513
18.8375,1.00871,1.00028,0.979777
18.8625,0.99698,0.991047,0.959431
18.8875,0.982592,0.995249,0.982866
18.9125,1.00936,0.980677,1.00656
18.9375,1.00002,0.992818,0.987066
18.9625,0.969967,0.989435,0.97203
18.9875,0.975464,0.964664,0.991081
19.0125,1.00425,0.993133,1.00034
19.0375,0.988521,0.998257,0.989952
19.0625,1.00583,0.993997,0.995984
19.0875,0.996118,1.01699,1.01198
19.1125,0.988344,0.99773,1.00643
19.1375,1.01482,0.988228,0.974599
19.1625,0.991848,1.00604,1.00018
19.1875,0.985261,1.01028,0.990437
19.2125,0.979205,0.981149,0.954766
19.2375,0.970936,0.994363,0.987412
19.2625,0.99697,0.998344,0.974539
19.2875,0.978538,1.00391,0.98453
19.3125,1.00404,1.00328,0.994343
19.3375,0.966586,0.99823,0.993622
19.3625,0.990999,0.988916,0.98823
19.3875,0.977538,0.985023,0.983598
19.4125,1.00827,0.979441,0.973115
19.4375,0.980196,0.99297,0.971712
19.4625,1.00297,0.995513,1.00609
19.4875,0.980752,0.977964,0.970131
19.5125,1.0034,1.00598,0.985566
19.5375,0.990581,1.00004,0.986064
19.5625,1.00466,0.981161,0.999446
19.5875,1.0003,0.996376,0.997017
19.6125,1.00314,1.00064,1.01102
19.6375,0.987207,0.981661,0.984654
19.6625,0.961704,1.00839,0.977025
19.6875,0.995865,0.973955,0.995953
19.7125,0.991563,0.987916,0.996631
19.7375,0.975573,0.991192,1.00949
19.7625,0.988675,0.993743,0.980146
19.7875,0.993354,1.01247,0.987442
19.8125,0.967145,1.00359,0.982251
19.8375,0.996663,1.00422,1.00239
19.8625,0.987268,0.97212,1.01061
19.8875,0.986534,1.0001,0.980451
19.9125,1.01763,0.98126,0.977177
19.9375,0.985184,1.01682,0.996414
19.9625,0.974627,0.989029,0.982121
19.9875,0.988563,0.997594,0.986473
20.0125,0.992305,1.00393,1.00116
20.0375,0.977096,0.996511,1.01038
20.0625,0.981185,0.994143,0.998696
20.0875,1.00877,1.01637,1.00124
20.1125,1.01025,1.00885,0.973452
20.1375,1.00149,0.998531,0.997751
20.1625,0.993685,1.01018,1.01977
20.1875,0.991112,1.00002,1.00684
20.2125,0.98573,0.99462,0.995776
20.2375,1.00129,0.99351,0.985889
20.2625,0.986032,0.990612,0.996145
20.2875,0.987185,1.00982,1.0106
20.3125,0.990896,0.97973,0.980968
20.3375,0.984341,0.997089,1.00074
20.3625,0.992701,0.998741,1.00162
20.3875,0.986833,1.00524,1.00027
20.4125,0.991603,0.985146,1.00003
20.4375,0.98168,1.00561,1.01116
20.4625,0.982692,0.997669,1.00925
20.4875,1.00652,1.01329,1.00371
20.5125,0.994328,1.00984,1.00444
20.5375,0.991254,0.988218,1.00528
20.5625,0.981219,0.999286,0.992039
20.5875,0.979055,1.01073,0.985063
20.6125,0.99934,1.00688,1.00155
20.6375,1.00254,1.008,1.00086
20.6625,0.998177,0.994478,0.985699
20.6875,1.0118,0.983276,0.985365
20.7125,0.991753,0.993109,0.990832
20.7375,0.998468,1.02788,0.994447
20.7625,0.999377,0.993872,1.00767
20.7875,0.997188,1.01274,0.979855
20.8125,0.97863,1.01794,0.992401
20.8375,0.991984,1.01878,0.997666
20.8625,0.996487,0.998508,0.977588
20.8875,0.988718,0.996961,0.988986
20.9125,0.998784,0.983656,1.00496
20.9375,1.02729,0.999016,1.01466
20.9625,0.985325,1.00834,1.02179
20.9875,1.01205,0.991446,1.007
21.0125,0.971565,0.991897,0.98592
21.0375,1.0087,1.00106,1.00368
21.0625,0.992084,1.02923,0.999013
21.0875,0.999159,1.01274,1.00556
21.1125,0.986874,0.989427,0.984255
21.1375,0.997634,1.00117,1.01402
21.1625,0.988284,1.01983,1.00895
21.1875,1.01171,1.00679,1.00965
21.2125,0.989875,0.999412,0.992311
21.2375,1.00511,1.01122,1.00429
21.2625,0.998063,1.01778,0.988975
21.2875,0.994398,1.00485,0.995606
21.3125,0.990343,1.00259,0.986167
21.3375,0.980739,1.00418,1.0034
21.3625,1.01357,1.00686,0.993476
21.3875,0.992976,0.99678,1.00496
21.4125,0.989352,0.995255,1.00443
21.4375,0.998071,1.01232,1.0082
21.4625,0.992148,1.00398,0.994147
21.4875,0.989641,0.995283,0.978256
21.5125,0.994011,1.00468,1.00935
21.5375,0.993293,0.995024,0.998266
21.5625,0.988415,1.01366,0.99625
21.5875,0.982273,1.00727,1.00829
21.6125,1.00288,1.01537,0.993028
21.6375,0.991118,0.997522,1.01023
21.6625,0.996488,1.02302,1.01075
21.6875,0.996053,1.00738,1.00097
21.7125,1.02004,0.990545,1.01236
21.7375,1.0061,0.996628,1.00388
21.7625,1.01215,1.00064,0.99457
21.7875,0.984699,1.00328,1.01424
21.8125,0.99619,1.00658,1.00116
21.8375,1.00483,1.00563,0.99471
21.8625,0.99347,1.00929,0.998223
21.8875,1.00543,1.0181,0.985071
21.9125,0.988461,1.01253,0.988393
21.9375,1.00803,1.01232,1.01526
21.9625,0.972316,1.00383,1.01563
21.9875,1.00078,1.00031,1.00245
22.0125,1.00954,0.990271,0.999221
22.0375,0.987713,0.995591,1.01518
22.0625,0.986611,1.0023,1.00777
22.0875,0.996559,1.0037,1.00275
22.1125,0.998075,1.00905,0.997275
22.1375,1.02045,1.00405,1.01073
22.1625,1.00211,0.990377,1.00226
22.1875,0.983198,1.00849,1.01321
22.2125,1.00171,1.00463,1.00112
22.2375,0.99797,0.998383,1.01229
22.2625,1.00382,1.00828,1.00174
22.2875,1.00314,1.00991,0.992812
22.3125,1.00395,1.0118,1.01096
22.3375,0.972807,1.01137,0.995948
22.3625,0.977818,0.992948,1.02285
22.3875,1.00918,1.00475,1.00742
22.4125,1.01051,1.01074,0.978373
22.4375,0.99325,1.00867,0.998811
22.4625,0.999895,0.996142,1.00801
22.4875,0.991844,1.00882,1.00932
22.5125,1.00655,1.00115,1.00526
22.5375,1.00876,1.01059,0.99868
22.5625,1.00381,1.00195,1.0125
22.5875,0.997255,1.00567,1.01812
22.6125,1.00244,1.0065,0.996934
22.6375,0.983597,0.987074,0.987087
22.6625,0.996854,1.00806,1.01758
22.6875,0.991795,1.02387,0.989637
22.7125,0.989166,1.01841,1.01954
22.7375,0.989487,1.01892,1.00749
22.7625,1.00678,1.01695,1.01605
22.7875,0.987899,1.00853,0.999702
22.8125,0.989187,1.01135,0.995475
22.8375,0.987552,1.01883,1.01142
22.8625,1.00011,1.02574,1.00047
22.8875,0.99652,0.999912,0.996706
22.9125,1.01637,1.02372,0.991546
22.9375,0.999709,1.00734,1.00376
22.9625,0.989497,1.00994,0.977441
22.9875,0.985602,0.99549,1.02042
23.0125,0.99877,0.99116,1.01907
23.0375,0.990789,1.01229,1.01373
23.0625,0.992106,1.0044,0.993424
23.0875,0.996871,0.999293,0.991879
23.1125,1.01662,1.01536,1.01433
23.1375,1.00986,0.996438,1.00473
23.1625,0.987936,0.991805,0.995691
23.1875,0.992832,0.995818,1.01112
23.2125,0.991891,1.00782,1.00604
23.2375,0.990867,1.00932,1.0247
23.2625,1.00627,1.02412,1.00811
23.2875,1.00768,1.01803,1.01334
23.3125,0.984672,1.01432,1.00005
23.3375,0.994826,0.995708,1.00849
23.3625,0.997762,1.01403,1.00904
23.3875,0.999082,1.0012,1.00924
23.4125,0.988715,1.00099,1.00456
23.4375,1.00707,1.00922,1.00637
23.4625,0.998479,1.00015,1.00623
23.4875,1.01314,1.00376,1.00969
23.5125,0.999819,1.01035,1.01363
23.5375,0.995202,1.02313,1.00682
23.5625,0.98745,1.02055,1.01224
23.5875,1.00432,1.0112,1.0057
23.6125,1.0055,1.01096,1.00457
23.6375,0.9929,1.01564,0.997329
23.6625,1.00339,1.00644,1.01054
23.6875,1.01244,0.998262,0.997313
23.7125,0.993264,0.992319,1.00398
23.7375,0.995342,1.00987,1.00931
23.7625,0.99692,1.0058,1.01021
23.7875,0.968125,0.98802,1.01664
23.8125,0.997612,1.00142,1.00679
23.8375,0.994547,1.00781,1.00914
23.8625,0.98567,1.00198,0.996178
23.8875,1.01025,1.01905,1.00799
23.9125,1.00894,1.01459,0.998143
23.9375,0.994294,0.999723,1.01223
23.9625,1.00137,1.0218,0.995427
23.9875,0.990393,1.01911,1.00649
24.0125,0.993285,1.01372,1.00112
24.0375,0.9854,1.0082,1.00255
24.0625,1.0007,1.00602,0.996327
24.0875,0.996,0.991665,1.00928
24.1125,0.995125,1.01133,1.01392
24.1375,0.98587,1.00199,0.995288
24.1625,0.992194,1.01148,1.02481
24.1875,0.995261,1.01088,0.995196
24.2125,0.988572,1.01639,1.00541
24.2375,0.990062,1.02141,0.998156
24.2625,1.014,1.01791,1.01591
24.2875,0.996609,1,0.988346
24.3125,0.990742,0.995307,1.00761
24.3375,1.00115,0.996753,1.01604
24.3625,1.00864,1.00995,1.00681
24.3875,1.00991,1.01337,1.00366
24.4125,0.999491,1.00158,1.00958
24.4375,0.992125,1.0133,1.01531
24.4625,0.999566,1.01714,1.0043
24.4875,0.996374,1.01384,1.00417
24.5125,0.987826,1.00161,1.0177
24.5375,1.00578,0.982783,0.992963
24.5625,0.99549,1.01489,1.01539
24.5875,1.00139,1.00409,1.00212
24.6125,1.02012,1.0085,1.01835
24.6375,1.00074,0.993587,1.01264
24.6625,1.00652,1.00479,1.00952
24.6875,0.993068,1.01481,1.01157
24.7125,0.998903,1.01163,1.02454
24.7375,1.00426,0.9924,0.990155
24.7625,0.996601,1.00238,1.00267
24.7875,0.99819,0.999389,1.00987
24.8125,1.01391,1.02207,1.01248
24.8375,1.00052,0.995221,0.994527
24.8625,1.00403,1.01975,1.0067
24.8875,0.996432,1.01666,1.00029
24.9125,0.990945,1.0067,1.00578
24.9375,0.996588,1.01717,1.00962
24.9625,0.999989,1.00776,1.00923
24.9875,0.98648,1.02002,1.00618
